--
-- PostgreSQL database dump
--

\restrict ZOiDitg2p688TctcuPQNWFr8yg3TBdtR8JnlYXhJP3NJe1fpXdDdiIQrai9MGlw

-- Dumped from database version 18.1
-- Dumped by pg_dump version 18.1

SET statement_timeout = 0;
SET lock_timeout = 0;
SET idle_in_transaction_session_timeout = 0;
SET transaction_timeout = 0;
SET client_encoding = 'UTF8';
SET standard_conforming_strings = on;
SELECT pg_catalog.set_config('search_path', '', false);
SET check_function_bodies = false;
SET xmloption = content;
SET client_min_messages = warning;
SET row_security = off;

--
-- Name: public; Type: SCHEMA; Schema: -; Owner: postgres
--

-- *not* creating schema, since initdb creates it


ALTER SCHEMA public OWNER TO postgres;

--
-- Name: SCHEMA public; Type: COMMENT; Schema: -; Owner: postgres
--

COMMENT ON SCHEMA public IS '';


SET default_tablespace = '';

SET default_table_access_method = heap;

--
-- Name: _prisma_migrations; Type: TABLE; Schema: public; Owner: postgres
--

CREATE TABLE public._prisma_migrations (
    id character varying(36) NOT NULL,
    checksum character varying(64) NOT NULL,
    finished_at timestamp with time zone,
    migration_name character varying(255) NOT NULL,
    logs text,
    rolled_back_at timestamp with time zone,
    started_at timestamp with time zone DEFAULT now() NOT NULL,
    applied_steps_count integer DEFAULT 0 NOT NULL
);


ALTER TABLE public._prisma_migrations OWNER TO postgres;

--
-- Name: accrual_periodes; Type: TABLE; Schema: public; Owner: postgres
--

CREATE TABLE public.accrual_periodes (
    id integer NOT NULL,
    "accrualId" integer NOT NULL,
    "periodeKe" integer NOT NULL,
    bulan text NOT NULL,
    tahun integer NOT NULL,
    "amountAccrual" double precision NOT NULL,
    "createdAt" timestamp(3) without time zone DEFAULT CURRENT_TIMESTAMP NOT NULL,
    "updatedAt" timestamp(3) without time zone NOT NULL
);


ALTER TABLE public.accrual_periodes OWNER TO postgres;

--
-- Name: accrual_periodes_id_seq; Type: SEQUENCE; Schema: public; Owner: postgres
--

CREATE SEQUENCE public.accrual_periodes_id_seq
    AS integer
    START WITH 1
    INCREMENT BY 1
    NO MINVALUE
    NO MAXVALUE
    CACHE 1;


ALTER SEQUENCE public.accrual_periodes_id_seq OWNER TO postgres;

--
-- Name: accrual_periodes_id_seq; Type: SEQUENCE OWNED BY; Schema: public; Owner: postgres
--

ALTER SEQUENCE public.accrual_periodes_id_seq OWNED BY public.accrual_periodes.id;


--
-- Name: accrual_realisasis; Type: TABLE; Schema: public; Owner: postgres
--

CREATE TABLE public.accrual_realisasis (
    id integer NOT NULL,
    "accrualPeriodeId" integer NOT NULL,
    "tanggalRealisasi" timestamp(3) without time zone NOT NULL,
    amount double precision NOT NULL,
    keterangan text,
    "createdAt" timestamp(3) without time zone DEFAULT CURRENT_TIMESTAMP NOT NULL,
    "updatedAt" timestamp(3) without time zone NOT NULL
);


ALTER TABLE public.accrual_realisasis OWNER TO postgres;

--
-- Name: accrual_realisasis_id_seq; Type: SEQUENCE; Schema: public; Owner: postgres
--

CREATE SEQUENCE public.accrual_realisasis_id_seq
    AS integer
    START WITH 1
    INCREMENT BY 1
    NO MINVALUE
    NO MAXVALUE
    CACHE 1;


ALTER SEQUENCE public.accrual_realisasis_id_seq OWNER TO postgres;

--
-- Name: accrual_realisasis_id_seq; Type: SEQUENCE OWNED BY; Schema: public; Owner: postgres
--

ALTER SEQUENCE public.accrual_realisasis_id_seq OWNED BY public.accrual_realisasis.id;


--
-- Name: accruals; Type: TABLE; Schema: public; Owner: postgres
--

CREATE TABLE public.accruals (
    id integer NOT NULL,
    "kdAkr" text NOT NULL,
    alokasi text,
    "namaAkun" text NOT NULL,
    vendor text NOT NULL,
    deskripsi text NOT NULL,
    "createdAt" timestamp(3) without time zone DEFAULT CURRENT_TIMESTAMP NOT NULL,
    "updatedAt" timestamp(3) without time zone NOT NULL,
    "companyCode" text,
    "costCenter" text,
    "noPo" text,
    "jumlahPeriode" integer NOT NULL,
    klasifikasi text,
    "pembagianType" text DEFAULT 'otomatis'::text NOT NULL,
    "startDate" timestamp(3) without time zone NOT NULL,
    "totalAmount" double precision NOT NULL,
    "headerText" text
);


ALTER TABLE public.accruals OWNER TO postgres;

--
-- Name: accruals_id_seq; Type: SEQUENCE; Schema: public; Owner: postgres
--

CREATE SEQUENCE public.accruals_id_seq
    AS integer
    START WITH 1
    INCREMENT BY 1
    NO MINVALUE
    NO MAXVALUE
    CACHE 1;


ALTER SEQUENCE public.accruals_id_seq OWNER TO postgres;

--
-- Name: accruals_id_seq; Type: SEQUENCE OWNED BY; Schema: public; Owner: postgres
--

ALTER SEQUENCE public.accruals_id_seq OWNED BY public.accruals.id;


--
-- Name: material_data; Type: TABLE; Schema: public; Owner: postgres
--

CREATE TABLE public.material_data (
    id integer NOT NULL,
    "materialId" text NOT NULL,
    "materialName" text NOT NULL,
    location text NOT NULL,
    "stokAwalOpr" double precision NOT NULL,
    "stokAwalSap" double precision NOT NULL,
    "stokAwalSelisih" double precision NOT NULL,
    "stokAwalTotal" double precision NOT NULL,
    "produksiOpr" double precision NOT NULL,
    "produksiSap" double precision NOT NULL,
    "produksiSelisih" double precision NOT NULL,
    "produksiTotal" double precision NOT NULL,
    "rilisOpr" double precision NOT NULL,
    "rilisSap" double precision NOT NULL,
    "rilisSelisih" double precision NOT NULL,
    "rilisTotal" double precision NOT NULL,
    "stokAkhirOpr" double precision NOT NULL,
    "stokAkhirSap" double precision NOT NULL,
    "stokAkhirSelisih" double precision NOT NULL,
    "stokAkhirTotal" double precision NOT NULL,
    blank double precision NOT NULL,
    "blankTotal" double precision NOT NULL,
    "grandTotal" double precision NOT NULL,
    "createdAt" timestamp(3) without time zone DEFAULT CURRENT_TIMESTAMP NOT NULL,
    "updatedAt" timestamp(3) without time zone NOT NULL,
    "importDate" timestamp(3) without time zone DEFAULT CURRENT_TIMESTAMP NOT NULL
);


ALTER TABLE public.material_data OWNER TO postgres;

--
-- Name: material_data_id_seq; Type: SEQUENCE; Schema: public; Owner: postgres
--

CREATE SEQUENCE public.material_data_id_seq
    AS integer
    START WITH 1
    INCREMENT BY 1
    NO MINVALUE
    NO MAXVALUE
    CACHE 1;


ALTER SEQUENCE public.material_data_id_seq OWNER TO postgres;

--
-- Name: material_data_id_seq; Type: SEQUENCE OWNED BY; Schema: public; Owner: postgres
--

ALTER SEQUENCE public.material_data_id_seq OWNED BY public.material_data.id;


--
-- Name: users; Type: TABLE; Schema: public; Owner: postgres
--

CREATE TABLE public.users (
    id integer NOT NULL,
    username text NOT NULL,
    password text NOT NULL,
    name text NOT NULL,
    role text DEFAULT 'admin'::text NOT NULL,
    "createdAt" timestamp(3) without time zone DEFAULT CURRENT_TIMESTAMP NOT NULL,
    "updatedAt" timestamp(3) without time zone NOT NULL
);


ALTER TABLE public.users OWNER TO postgres;

--
-- Name: users_id_seq; Type: SEQUENCE; Schema: public; Owner: postgres
--

CREATE SEQUENCE public.users_id_seq
    AS integer
    START WITH 1
    INCREMENT BY 1
    NO MINVALUE
    NO MAXVALUE
    CACHE 1;


ALTER SEQUENCE public.users_id_seq OWNER TO postgres;

--
-- Name: users_id_seq; Type: SEQUENCE OWNED BY; Schema: public; Owner: postgres
--

ALTER SEQUENCE public.users_id_seq OWNED BY public.users.id;


--
-- Name: accrual_periodes id; Type: DEFAULT; Schema: public; Owner: postgres
--

ALTER TABLE ONLY public.accrual_periodes ALTER COLUMN id SET DEFAULT nextval('public.accrual_periodes_id_seq'::regclass);


--
-- Name: accrual_realisasis id; Type: DEFAULT; Schema: public; Owner: postgres
--

ALTER TABLE ONLY public.accrual_realisasis ALTER COLUMN id SET DEFAULT nextval('public.accrual_realisasis_id_seq'::regclass);


--
-- Name: accruals id; Type: DEFAULT; Schema: public; Owner: postgres
--

ALTER TABLE ONLY public.accruals ALTER COLUMN id SET DEFAULT nextval('public.accruals_id_seq'::regclass);


--
-- Name: material_data id; Type: DEFAULT; Schema: public; Owner: postgres
--

ALTER TABLE ONLY public.material_data ALTER COLUMN id SET DEFAULT nextval('public.material_data_id_seq'::regclass);


--
-- Name: users id; Type: DEFAULT; Schema: public; Owner: postgres
--

ALTER TABLE ONLY public.users ALTER COLUMN id SET DEFAULT nextval('public.users_id_seq'::regclass);


--
-- Data for Name: _prisma_migrations; Type: TABLE DATA; Schema: public; Owner: postgres
--

COPY public._prisma_migrations (id, checksum, finished_at, migration_name, logs, rolled_back_at, started_at, applied_steps_count) FROM stdin;
9cc40b05-bbfd-42c7-92ce-5599b3f12d74	92a65dd169e67c418bff9ff9f06426bba3a9f2f54e0d303e1ffe04f964adffa0	2026-01-23 09:43:38.638732+07	20260113015241_init	\N	\N	2026-01-23 09:43:38.618033+07	1
85d7e66c-6ffa-4524-91a2-3bfd3f71f5b6	b74a1086a839721b0ebbcebe3f5ffc28d8d77d9b8af63576630660affaf4f013	2026-01-23 09:43:38.659893+07	20260114072407_add_material_data	\N	\N	2026-01-23 09:43:38.639923+07	1
991e6fd0-38f4-4bab-9dc0-94481576acaf	8303d64764153947971d769db041429279e2e1bdd62202b2d17681994d8acc9d	2026-01-23 09:43:38.668223+07	20260120021755_add_import_date	\N	\N	2026-01-23 09:43:38.660816+07	1
54babeb0-f555-4daa-b781-a6f040f96c4f	d96cbd42f88f481c98d22b762b70525d6aa744e4e9ab92625184e3378bf34404	2026-01-23 09:43:38.690352+07	20260120031348_add_accrual_model	\N	\N	2026-01-23 09:43:38.669182+07	1
fe9f720f-5f05-407b-9469-974e3bf3aa7e	8ae423e541e8511b18bea8ee80a065c90a8df9ef78ab9ac299ce06185f2c81b3	2026-01-23 09:43:38.696264+07	20260121040244_update_accrual_add_fields	\N	\N	2026-01-23 09:43:38.692309+07	1
474cf1cd-7048-42e6-8389-f4e56015d48f	94d0f365d3975c569aedf155861fe4fad5576169af1a2ae520e9ffb755861109	2026-01-23 09:43:55.867255+07	20260123024355_restructure_accrual_with_periods	\N	\N	2026-01-23 09:43:55.770463+07	1
51840217-c681-4795-a8a3-ae5374f867a3	abb4a481f1b53809433dc093873a4150ff518cdd4db8b36bae9c8e29b39db266	2026-01-26 14:50:24.925007+07	20260126075024_add_header_text	\N	\N	2026-01-26 14:50:24.908028+07	1
\.


--
-- Data for Name: accrual_periodes; Type: TABLE DATA; Schema: public; Owner: postgres
--

COPY public.accrual_periodes (id, "accrualId", "periodeKe", bulan, tahun, "amountAccrual", "createdAt", "updatedAt") FROM stdin;
120	3	1	Jan 2026	2026	20000000	2026-01-23 07:20:06.295	2026-01-23 07:20:06.295
121	3	2	Feb 2026	2026	20000000	2026-01-23 07:20:06.295	2026-01-23 07:20:06.295
122	3	3	Mar 2026	2026	20000000	2026-01-23 07:20:06.295	2026-01-23 07:20:06.295
123	3	4	Apr 2026	2026	20000000	2026-01-23 07:20:06.295	2026-01-23 07:20:06.295
124	3	5	Mei 2026	2026	20000000	2026-01-23 07:20:06.295	2026-01-23 07:20:06.295
137	5	1	Okt 2026	2026	9000000	2026-01-26 08:22:17.38	2026-01-26 08:22:17.38
138	5	2	Des 2026	2026	9000000	2026-01-26 08:22:17.38	2026-01-26 08:22:17.38
139	5	3	Des 2026	2026	9000000	2026-01-26 08:22:17.38	2026-01-26 08:22:17.38
140	5	4	Jan 2027	2027	9000000	2026-01-26 08:22:17.38	2026-01-26 08:22:17.38
141	5	5	Mar 2027	2027	9000000	2026-01-26 08:22:17.38	2026-01-26 08:22:17.38
142	5	6	Mar 2027	2027	9000000	2026-01-26 08:22:17.38	2026-01-26 08:22:17.38
143	5	7	Mei 2027	2027	9000000	2026-01-26 08:22:17.38	2026-01-26 08:22:17.38
144	5	8	Mei 2027	2027	9000000	2026-01-26 08:22:17.38	2026-01-26 08:22:17.38
145	5	9	Jul 2027	2027	9000000	2026-01-26 08:22:17.38	2026-01-26 08:22:17.38
146	5	10	Jul 2027	2027	9000000	2026-01-26 08:22:17.38	2026-01-26 08:22:17.38
147	4	1	Jan 2026	2026	100000000	2026-01-27 01:54:00.983	2026-01-27 01:54:00.983
148	4	2	Feb 2026	2026	0	2026-01-27 01:54:00.983	2026-01-27 01:54:00.983
149	4	3	Mar 2026	2026	0	2026-01-27 01:54:00.983	2026-01-27 01:54:00.983
150	4	4	Apr 2026	2026	0	2026-01-27 01:54:00.983	2026-01-27 01:54:00.983
151	4	5	Mei 2026	2026	0	2026-01-27 01:54:00.983	2026-01-27 01:54:00.983
152	4	6	Jun 2026	2026	0	2026-01-27 01:54:00.983	2026-01-27 01:54:00.983
153	4	7	Jul 2026	2026	0	2026-01-27 01:54:00.983	2026-01-27 01:54:00.983
154	4	8	Agu 2026	2026	0	2026-01-27 01:54:00.983	2026-01-27 01:54:00.983
155	4	9	Sep 2026	2026	0	2026-01-27 01:54:00.983	2026-01-27 01:54:00.983
156	4	10	Okt 2026	2026	0	2026-01-27 01:54:00.983	2026-01-27 01:54:00.983
157	4	11	Nov 2026	2026	0	2026-01-27 01:54:00.983	2026-01-27 01:54:00.983
158	4	12	Des 2026	2026	0	2026-01-27 01:54:00.983	2026-01-27 01:54:00.983
\.


--
-- Data for Name: accrual_realisasis; Type: TABLE DATA; Schema: public; Owner: postgres
--

COPY public.accrual_realisasis (id, "accrualPeriodeId", "tanggalRealisasi", amount, keterangan, "createdAt", "updatedAt") FROM stdin;
12	120	2026-01-23 00:00:00	1000000	rutin	2026-01-23 07:24:11.045	2026-01-23 07:24:25.101
14	137	2026-02-28 00:00:00	9000000	\N	2026-01-26 08:23:23.907	2026-01-26 08:23:23.907
\.


--
-- Data for Name: accruals; Type: TABLE DATA; Schema: public; Owner: postgres
--

COPY public.accruals (id, "kdAkr", alokasi, "namaAkun", vendor, deskripsi, "createdAt", "updatedAt", "companyCode", "costCenter", "noPo", "jumlahPeriode", klasifikasi, "pembagianType", "startDate", "totalAmount", "headerText") FROM stdin;
3	21600024	tambang tuban	61110002	utsg	rutin	2026-01-23 06:27:13.472	2026-01-23 07:20:06.295	7000	720300003	660000233	5	BK TUBAN	otomatis	2026-01-23 00:00:00	100000000	\N
5	21600019	6050000077	61110090	SWABINA.PT	lalalalalala	2026-01-26 08:22:17.38	2026-01-26 08:22:17.38	7000	12345	6050000100	10	Product Knowledge	otomatis	2026-10-31 00:00:00	90000000	yeyeyeyeyeye
4	21600006	tambang tuban	21185550	SEMEN GRESIK .PT	uug	2026-01-23 07:46:08.891	2026-01-27 01:54:00.983	7000	13124	6050000038	12	PCD PPH 21	manual	2026-01-23 00:00:00	20000000000	ASZRA AURELITA
\.


--
-- Data for Name: material_data; Type: TABLE DATA; Schema: public; Owner: postgres
--

COPY public.material_data (id, "materialId", "materialName", location, "stokAwalOpr", "stokAwalSap", "stokAwalSelisih", "stokAwalTotal", "produksiOpr", "produksiSap", "produksiSelisih", "produksiTotal", "rilisOpr", "rilisSap", "rilisSelisih", "rilisTotal", "stokAkhirOpr", "stokAkhirSap", "stokAkhirSelisih", "stokAkhirTotal", blank, "blankTotal", "grandTotal", "createdAt", "updatedAt", "importDate") FROM stdin;
1	101-100-0010	BATU KAPUR, TAMBANG	7302 - PL Plant Tuban I	0	0.009	-0.009	0	0	0	0	0	0	0	0	0	0	0.009	-0.009	0	0	0	0	2026-01-23 03:16:51.258	2026-01-23 03:16:51.258	2026-01-23 03:16:00
2	101-100-0010	BATU KAPUR, TAMBANG	7303 - PL Plant Tuban II	0	0	0	0	0	217290.811	-217290.811	0	0	217290.811	-217290.811	0	0	0	0	0	0	0	0	2026-01-23 03:16:51.258	2026-01-23 03:16:51.258	2026-01-23 03:16:00
3	101-100-0010	BATU KAPUR, TAMBANG	7304 - PL Plant Tuban III	0	0	0	0	0	236356.635	-236356.635	0	0	236356.635	-236356.635	0	0	0	0	0	0	0	0	2026-01-23 03:16:51.258	2026-01-23 03:16:51.258	2026-01-23 03:16:00
4	101-100-0010	BATU KAPUR, TAMBANG	7305 - PL Plant Tuban IV	0	0	0	0	0	87030.834	-87030.834	0	0	87030.834	-87030.834	0	0	0	0	0	0	0	0	2026-01-23 03:16:51.258	2026-01-23 03:16:51.258	2026-01-23 03:16:00
5	101-100-0010	BATU KAPUR, TAMBANG	7403 - CP Tuban	0	0	0	0	0	0	0	0	0	0	0	0	0	0	0	0	0	0	0	2026-01-23 03:16:51.258	2026-01-23 03:16:51.258	2026-01-23 03:16:00
6	101-100-0010	BATU KAPUR, TAMBANG	7702 - Warehouse Tuban	0	0	0	0	0	0	0	0	0	0	0	0	0	0	0	0	0	0	0	2026-01-23 03:16:51.258	2026-01-23 03:16:51.258	2026-01-23 03:16:00
7	101-100-0030	FINE LIMESTONE	7302 - PL Plant Tuban I	30551.18	17738.78	12812.4	61102.36	0	0	0	0	38761.31	38761.31	0	77522.62	55834.47	55947.37	-112.9000000000015	111668.94	0	0	0	2026-01-23 03:16:51.258	2026-01-23 03:16:51.258	2026-01-23 03:16:00
8	101-100-0030	FINE LIMESTONE	7303 - PL Plant Tuban II	54617.05	17885.62	36731.42999999999	109234.1	370898.92	370898.914	0.006000000052154064	741797.8400000001	199221.9744872373	279872.61	-80650.6355127627	398443.9489744747	26567.18	26280.555	286.625	53134.36	0	0	0	2026-01-23 03:16:51.258	2026-01-23 03:16:51.258	2026-01-23 03:16:00
9	101-100-0030	FINE LIMESTONE	7304 - PL Plant Tuban III	39981.13	14896.177	25084.953	79962.26000000001	324594.08	324594.081	-0.0009999999892897904	649188.1600000001	338887.56	338887.56	0	677775.12	34240.19	35435	-1194.809999999998	68480.38	0	0	0	2026-01-23 03:16:51.258	2026-01-23 03:16:51.258	2026-01-23 03:16:00
10	101-100-0030	FINE LIMESTONE	7305 - PL Plant Tuban IV	3254.52	6829.191	-3574.671	6509.039999999999	157597.31	157597.31	0	315194.62	146799.9335844713	146799.936	-0.002415528724668548	293599.8671689426	60459.69363	59234	1225.693630000002	120919.38726	0	0	0	2026-01-23 03:16:51.258	2026-01-23 03:16:51.258	2026-01-23 03:16:00
11	101-100-0030	FINE LIMESTONE	7403 - CP Tuban	0	0	0	0	0	0	0	0	0	0	0	0	0	0	0	0	0	0	0	2026-01-23 03:16:51.258	2026-01-23 03:16:51.258	2026-01-23 03:16:00
12	101-100-0030	FINE LIMESTONE	7702 - Warehouse Tuban	0	0	0	0	0	0	0	0	0	0	0	0	0	0	0	0	0	0	0	2026-01-23 03:16:51.258	2026-01-23 03:16:51.258	2026-01-23 03:16:00
13	101-200-0020	TANAH LIAT TAMBANG	7302 - PL Plant Tuban I	0	0	0	0	0	0	0	0	0	0	0	0	0	0	0	0	0	0	0	2026-01-23 03:16:51.258	2026-01-23 03:16:51.258	2026-01-23 03:16:00
14	101-200-0020	TANAH LIAT TAMBANG	7303 - PL Plant Tuban II	0	0	0	0	0	35469.997	-35469.997	0	0	35469.997	-35469.997	0	0	0	0	0	0	0	0	2026-01-23 03:16:51.258	2026-01-23 03:16:51.258	2026-01-23 03:16:00
15	101-200-0020	TANAH LIAT TAMBANG	7304 - PL Plant Tuban III	0	0	0	0	0	51037.144	-51037.144	0	0	51037.144	-51037.144	0	0	0	0	0	0	0	0	2026-01-23 03:16:51.258	2026-01-23 03:16:51.258	2026-01-23 03:16:00
16	101-200-0020	TANAH LIAT TAMBANG	7305 - PL Plant Tuban IV	0	0	0	0	0	13558.571	-13558.571	0	0	13558.571	-13558.571	0	0	0	0	0	0	0	0	2026-01-23 03:16:51.258	2026-01-23 03:16:51.258	2026-01-23 03:16:00
17	101-200-0020	TANAH LIAT TAMBANG	7403 - CP Tuban	0	0	0	0	0	0	0	0	0	0	0	0	0	0	0	0	0	0	0	2026-01-23 03:16:51.258	2026-01-23 03:16:51.258	2026-01-23 03:16:00
18	101-200-0020	TANAH LIAT TAMBANG	7702 - Warehouse Tuban	0	0	0	0	0	0	0	0	0	0	0	0	0	0	0	0	0	0	0	2026-01-23 03:16:51.258	2026-01-23 03:16:51.258	2026-01-23 03:16:00
19	101-200-0030	FINE CLAY	7302 - PL Plant Tuban I	0	11528	-11528	0	0	0	0	0	0	0	0	0	0	11528	-11528	0	0	0	0	2026-01-23 03:16:51.258	2026-01-23 03:16:51.258	2026-01-23 03:16:00
20	101-200-0030	FINE CLAY	7303 - PL Plant Tuban II	4744.36	11901.002	-7156.642000000001	9488.720000000001	24065.39	24065.39	0	48130.78	24065.39	24065.392	-0.002000000000407454	48130.78	7194.31	11901	-4706.69	14388.62	0	0	0	2026-01-23 03:16:51.258	2026-01-23 03:16:51.258	2026-01-23 03:16:00
21	101-200-0030	FINE CLAY	7304 - PL Plant Tuban III	18656.6	65502.01	-46845.41	37313.2	33328.36	33328.36	0	66656.72	33328.36	33328.36399999999	-0.00399999999353895	66656.72	9639.78	5230	4409.780000000001	19279.56	0	0	0	2026-01-23 03:16:51.258	2026-01-23 03:16:51.258	2026-01-23 03:16:00
22	101-200-0030	FINE CLAY	7305 - PL Plant Tuban IV	10139.29	4851.852	5287.438000000001	20278.58	13231.07	13231.07	0	26462.14	13231.07	13231.066	0.003999999997176928	26462.14	17320.77	4851.856	12468.914	34641.54	0	0	0	2026-01-23 03:16:51.258	2026-01-23 03:16:51.258	2026-01-23 03:16:00
23	101-200-0030	FINE CLAY	7403 - CP Tuban	0	0	0	0	0	0	0	0	0	0	0	0	0	0	0	0	0	0	0	2026-01-23 03:16:51.258	2026-01-23 03:16:51.258	2026-01-23 03:16:00
24	101-200-0030	FINE CLAY	7702 - Warehouse Tuban	0	0	0	0	0	0	0	0	0	0	0	0	0	0	0	0	0	0	0	2026-01-23 03:16:51.258	2026-01-23 03:16:51.258	2026-01-23 03:16:00
25	101-200-0042	CLAY BELI	7302 - PL Plant Tuban I	0	0	0	0	0	0	0	0	0	0	0	0	0	0	0	0	0	0	0	2026-01-23 03:16:51.258	2026-01-23 03:16:51.258	2026-01-23 03:16:00
26	101-200-0042	CLAY BELI	7303 - PL Plant Tuban II	0	0	0	0	0	0	0	0	0	0	0	0	0	0	0	0	0	0	0	2026-01-23 03:16:51.258	2026-01-23 03:16:51.258	2026-01-23 03:16:00
27	101-200-0042	CLAY BELI	7304 - PL Plant Tuban III	0	0	0	0	0	0	0	0	0	0	0	0	0	0	0	0	0	0	0	2026-01-23 03:16:51.258	2026-01-23 03:16:51.258	2026-01-23 03:16:00
28	101-200-0042	CLAY BELI	7305 - PL Plant Tuban IV	0	0	0	0	0	0	0	0	0	0	0	0	0	0	0	0	0	0	0	2026-01-23 03:16:51.258	2026-01-23 03:16:51.258	2026-01-23 03:16:00
29	101-200-0042	CLAY BELI	7403 - CP Tuban	0	0	0	0	0	0	0	0	0	0	0	0	0	0	0	0	0	0	0	2026-01-23 03:16:51.258	2026-01-23 03:16:51.258	2026-01-23 03:16:00
30	101-200-0042	CLAY BELI	7702 - Warehouse Tuban	0	4667.957	-4667.957	0	85668.78	89453.17999999996	-3784.399999999965	171337.56	85668.78	85668.78	0	171337.56	0	7420	-7420	0	0	0	0	2026-01-23 03:16:51.258	2026-01-23 03:16:51.258	2026-01-23 03:16:00
31	101-300-0025	PASIR SILIKA	7302 - PL Plant Tuban I	0	0	0	0	0	0	0	0	0	0	0	0	0	0	0	0	0	0	0	2026-01-23 03:16:51.258	2026-01-23 03:16:51.258	2026-01-23 03:16:00
32	101-300-0025	PASIR SILIKA	7303 - PL Plant Tuban II	0	0	0	0	0	0	0	0	0	0	0	0	0	0	0	0	0	0	0	2026-01-23 03:16:51.258	2026-01-23 03:16:51.258	2026-01-23 03:16:00
33	101-300-0025	PASIR SILIKA	7304 - PL Plant Tuban III	0	0	0	0	0	0	0	0	0	0	0	0	0	0	0	0	0	0	0	2026-01-23 03:16:51.258	2026-01-23 03:16:51.258	2026-01-23 03:16:00
34	101-300-0025	PASIR SILIKA	7305 - PL Plant Tuban IV	0	0	0	0	0	0	0	0	0	0	0	0	0	0	0	0	0	0	0	2026-01-23 03:16:51.258	2026-01-23 03:16:51.258	2026-01-23 03:16:00
35	101-300-0025	PASIR SILIKA	7403 - CP Tuban	0	0	0	0	0	0	0	0	0	0	0	0	0	0	0	0	0	0	0	2026-01-23 03:16:51.258	2026-01-23 03:16:51.258	2026-01-23 03:16:00
36	101-300-0025	PASIR SILIKA	7702 - Warehouse Tuban	5054.02	5213.842	-159.8220000000001	10108.04	4981.4	4981.4	0	9962.8	7227.92	7227.923000000002	-0.003000000001520675	14455.84	2807.5	2967.319	-159.819	5615	0	0	0	2026-01-23 03:16:51.258	2026-01-23 03:16:51.258	2026-01-23 03:16:00
37	101-400-0010	COPPER SLAG	7302 - PL Plant Tuban I	0	0	0	0	0	0	0	0	0	0	0	0	0	0	0	0	0	0	0	2026-01-23 03:16:51.258	2026-01-23 03:16:51.258	2026-01-23 03:16:00
38	101-400-0010	COPPER SLAG	7303 - PL Plant Tuban II	0	0	0	0	0	0	0	0	0	0	0	0	0	0	0	0	0	0	0	2026-01-23 03:16:51.258	2026-01-23 03:16:51.258	2026-01-23 03:16:00
39	101-400-0010	COPPER SLAG	7304 - PL Plant Tuban III	0	0	0	0	0	0	0	0	0	0	0	0	0	0	0	0	0	0	0	2026-01-23 03:16:51.258	2026-01-23 03:16:51.258	2026-01-23 03:16:00
40	101-400-0010	COPPER SLAG	7305 - PL Plant Tuban IV	0	0	0	0	0	0	0	0	0	0	0	0	0	0	0	0	0	0	0	2026-01-23 03:16:51.258	2026-01-23 03:16:51.258	2026-01-23 03:16:00
41	101-400-0010	COPPER SLAG	7403 - CP Tuban	0	0	0	0	0	0	0	0	0	0	0	0	0	0	0	0	0	0	0	2026-01-23 03:16:51.258	2026-01-23 03:16:51.258	2026-01-23 03:16:00
42	101-400-0010	COPPER SLAG	7702 - Warehouse Tuban	17204.86	17505.832	-300.9719999999979	34409.72	342.54	342.54	0	685.0799999999999	7184.840000000002	7184.839999999999	0	14369.68	10362.56	10663.532	-300.9719999999998	20725.12	0	0	0	2026-01-23 03:16:51.258	2026-01-23 03:16:51.258	2026-01-23 03:16:00
43	101-400-0020	PASIR BESI	7302 - PL Plant Tuban I	0	0	0	0	0	0	0	0	0	0	0	0	0	0	0	0	0	0	0	2026-01-23 03:16:51.258	2026-01-23 03:16:51.258	2026-01-23 03:16:00
44	101-400-0020	PASIR BESI	7303 - PL Plant Tuban II	0	0	0	0	0	0	0	0	0	0	0	0	0	0	0	0	0	0	0	2026-01-23 03:16:51.258	2026-01-23 03:16:51.258	2026-01-23 03:16:00
45	101-400-0020	PASIR BESI	7304 - PL Plant Tuban III	0	0	0	0	0	0	0	0	0	0	0	0	0	0	0	0	0	0	0	2026-01-23 03:16:51.258	2026-01-23 03:16:51.258	2026-01-23 03:16:00
46	101-400-0020	PASIR BESI	7305 - PL Plant Tuban IV	0	0	0	0	0	0	0	0	0	0	0	0	0	0	0	0	0	0	0	2026-01-23 03:16:51.258	2026-01-23 03:16:51.258	2026-01-23 03:16:00
47	101-400-0020	PASIR BESI	7403 - CP Tuban	0	0	0	0	0	0	0	0	0	0	0	0	0	0	0	0	0	0	0	2026-01-23 03:16:51.258	2026-01-23 03:16:51.258	2026-01-23 03:16:00
48	101-400-0020	PASIR BESI	7702 - Warehouse Tuban	0	35.469	-35.469	0	0	0	0	0	0	0	0	0	0	0.001	-0.001	0	0	0	0	2026-01-23 03:16:51.258	2026-01-23 03:16:51.258	2026-01-23 03:16:00
49	101-400-0070	IRON ORE	7302 - PL Plant Tuban I	0	0	0	0	0	0	0	0	0	0	0	0	0	0	0	0	0	0	0	2026-01-23 03:16:51.258	2026-01-23 03:16:51.258	2026-01-23 03:16:00
50	101-400-0070	IRON ORE	7303 - PL Plant Tuban II	0	0	0	0	0	0	0	0	0	0	0	0	0	0	0	0	0	0	0	2026-01-23 03:16:51.258	2026-01-23 03:16:51.258	2026-01-23 03:16:00
51	101-400-0070	IRON ORE	7304 - PL Plant Tuban III	0	0	0	0	0	0	0	0	0	0	0	0	0	0	0	0	0	0	0	2026-01-23 03:16:51.258	2026-01-23 03:16:51.258	2026-01-23 03:16:00
52	101-400-0070	IRON ORE	7305 - PL Plant Tuban IV	0	0	0	0	0	0	0	0	0	0	0	0	0	0	0	0	0	0	0	2026-01-23 03:16:51.258	2026-01-23 03:16:51.258	2026-01-23 03:16:00
53	101-400-0070	IRON ORE	7403 - CP Tuban	0	0	0	0	0	0	0	0	0	0	0	0	0	0	0	0	0	0	0	2026-01-23 03:16:51.258	2026-01-23 03:16:51.258	2026-01-23 03:16:00
54	101-400-0070	IRON ORE	7702 - Warehouse Tuban	0	0.001	-0.001	0	0	0	0	0	0	0	0	0	0	0.001	-0.001	0	0	0	0	2026-01-23 03:16:51.258	2026-01-23 03:16:51.258	2026-01-23 03:16:00
55	101-500-0030	GYPSUM PURIFIED	7302 - PL Plant Tuban I	0	0	0	0	0	0	0	0	0	0	0	0	0	0	0	0	0	0	0	2026-01-23 03:16:51.258	2026-01-23 03:16:51.258	2026-01-23 03:16:00
56	101-500-0030	GYPSUM PURIFIED	7303 - PL Plant Tuban II	0	0	0	0	0	0	0	0	0	0	0	0	0	0	0	0	0	0	0	2026-01-23 03:16:51.258	2026-01-23 03:16:51.258	2026-01-23 03:16:00
57	101-500-0030	GYPSUM PURIFIED	7304 - PL Plant Tuban III	0	0	0	0	0	0	0	0	0	0	0	0	0	0	0	0	0	0	0	2026-01-23 03:16:51.258	2026-01-23 03:16:51.258	2026-01-23 03:16:00
58	101-500-0030	GYPSUM PURIFIED	7305 - PL Plant Tuban IV	0	0	0	0	0	0	0	0	0	0	0	0	0	0	0	0	0	0	0	2026-01-23 03:16:51.258	2026-01-23 03:16:51.258	2026-01-23 03:16:00
59	101-500-0030	GYPSUM PURIFIED	7403 - CP Tuban	0	0	0	0	0	0	0	0	0	0	0	0	0	0	0	0	0	0	0	2026-01-23 03:16:51.258	2026-01-23 03:16:51.258	2026-01-23 03:16:00
60	101-500-0030	GYPSUM PURIFIED	7702 - Warehouse Tuban	4296.18	3628.508	667.6720000000005	8592.36	21240.64	21240.64	0	42481.28	24204.69	24204.681	0.008999999990919605	48409.37999999999	1332.13	664.467	667.6630000000001	2664.26	0	0	0	2026-01-23 03:16:51.258	2026-01-23 03:16:51.258	2026-01-23 03:16:00
61	101-500-0040	GYPSUM NATURAL	7302 - PL Plant Tuban I	0	0	0	0	0	0	0	0	0	0	0	0	0	0	0	0	0	0	0	2026-01-23 03:16:51.258	2026-01-23 03:16:51.258	2026-01-23 03:16:00
62	101-500-0040	GYPSUM NATURAL	7303 - PL Plant Tuban II	0	0	0	0	0	0	0	0	0	0	0	0	0	0	0	0	0	0	0	2026-01-23 03:16:51.258	2026-01-23 03:16:51.258	2026-01-23 03:16:00
63	101-500-0040	GYPSUM NATURAL	7304 - PL Plant Tuban III	0	0	0	0	0	0	0	0	0	0	0	0	0	0	0	0	0	0	0	2026-01-23 03:16:51.258	2026-01-23 03:16:51.258	2026-01-23 03:16:00
64	101-500-0040	GYPSUM NATURAL	7305 - PL Plant Tuban IV	0	0	0	0	0	0	0	0	0	0	0	0	0	0	0	0	0	0	0	2026-01-23 03:16:51.258	2026-01-23 03:16:51.258	2026-01-23 03:16:00
65	101-500-0040	GYPSUM NATURAL	7403 - CP Tuban	0	0	0	0	0	0	0	0	0	0	0	0	0	0	0	0	0	0	0	2026-01-23 03:16:51.258	2026-01-23 03:16:51.258	2026-01-23 03:16:00
66	101-500-0040	GYPSUM NATURAL	7702 - Warehouse Tuban	21138.88	20748.01	390.8700000000026	42277.76	0	0	0	0	681.52	681.5200000000019	-1.932676241267473e-12	1363.04	20457.36	20066.49	390.869999999999	40914.72	0	0	0	2026-01-23 03:16:51.258	2026-01-23 03:16:51.258	2026-01-23 03:16:00
67	101-700-0020	BATU TRASS	7302 - PL Plant Tuban I	0	0	0	0	0	0	0	0	0	0	0	0	0	0	0	0	0	0	0	2026-01-23 03:16:51.258	2026-01-23 03:16:51.258	2026-01-23 03:16:00
68	101-700-0020	BATU TRASS	7303 - PL Plant Tuban II	0	0	0	0	0	0	0	0	0	0	0	0	0	0	0	0	0	0	0	2026-01-23 03:16:51.258	2026-01-23 03:16:51.258	2026-01-23 03:16:00
69	101-700-0020	BATU TRASS	7304 - PL Plant Tuban III	0	0	0	0	0	0	0	0	0	0	0	0	0	0	0	0	0	0	0	2026-01-23 03:16:51.258	2026-01-23 03:16:51.258	2026-01-23 03:16:00
70	101-700-0020	BATU TRASS	7305 - PL Plant Tuban IV	0	0	0	0	0	0	0	0	0	0	0	0	0	0	0	0	0	0	0	2026-01-23 03:16:51.258	2026-01-23 03:16:51.258	2026-01-23 03:16:00
71	101-700-0020	BATU TRASS	7403 - CP Tuban	0	0	0	0	0	0	0	0	0	0	0	0	0	0	0	0	0	0	0	2026-01-23 03:16:51.258	2026-01-23 03:16:51.258	2026-01-23 03:16:00
72	101-700-0020	BATU TRASS	7702 - Warehouse Tuban	16199.61	18538.755	-2339.145	32399.22	41349.22	41349.22000000001	0	82698.44	47863.10000000001	47863.10600000001	-0.006000000001222361	95726.20000000001	9685.73	9765	-79.27000000000044	19371.46	0	0	0	2026-01-23 03:16:51.258	2026-01-23 03:16:51.258	2026-01-23 03:16:00
73	112-100-0009	BATUBARA, LOW CALORY	7302 - PL Plant Tuban I	0	0	0	0	0	0	0	0	0	0	0	0	0	0	0	0	0	0	0	2026-01-23 03:16:51.258	2026-01-23 03:16:51.258	2026-01-23 03:16:00
74	112-100-0009	BATUBARA, LOW CALORY	7303 - PL Plant Tuban II	0	0	0	0	0	0	0	0	0	0	0	0	0	0	0	0	0	0	0	2026-01-23 03:16:51.258	2026-01-23 03:16:51.258	2026-01-23 03:16:00
75	112-100-0009	BATUBARA, LOW CALORY	7304 - PL Plant Tuban III	0	0	0	0	0	0	0	0	0	0	0	0	0	0	0	0	0	0	0	2026-01-23 03:16:51.258	2026-01-23 03:16:51.258	2026-01-23 03:16:00
76	112-100-0009	BATUBARA, LOW CALORY	7305 - PL Plant Tuban IV	0	0	0	0	0	0	0	0	0	0	0	0	0	0	0	0	0	0	0	2026-01-23 03:16:51.258	2026-01-23 03:16:51.258	2026-01-23 03:16:00
77	112-100-0009	BATUBARA, LOW CALORY	7403 - CP Tuban	0	0	0	0	0	0	0	0	0	0	0	0	0	0	0	0	0	0	0	2026-01-23 03:16:51.258	2026-01-23 03:16:51.258	2026-01-23 03:16:00
78	112-100-0009	BATUBARA, LOW CALORY	7702 - Warehouse Tuban	90571.95000000001	74735.843	15836.10700000002	181143.9	119560.48	120267.766	-707.2860000000219	239120.96	105610.55	105610.55	0	211221.1	104521.88	89393.059	15128.82100000001	209043.76	0	0	0	2026-01-23 03:16:51.258	2026-01-23 03:16:51.258	2026-01-23 03:16:00
79	112-100-0010	BATUBARA, MEDIUM CALORY	7302 - PL Plant Tuban I	0	0	0	0	0	0	0	0	0	0	0	0	0	0	0	0	0	0	0	2026-01-23 03:16:51.258	2026-01-23 03:16:51.258	2026-01-23 03:16:00
80	112-100-0010	BATUBARA, MEDIUM CALORY	7303 - PL Plant Tuban II	0	0	0	0	0	0	0	0	0	0	0	0	0	0	0	0	0	0	0	2026-01-23 03:16:51.258	2026-01-23 03:16:51.258	2026-01-23 03:16:00
81	112-100-0010	BATUBARA, MEDIUM CALORY	7304 - PL Plant Tuban III	0	0	0	0	0	0	0	0	0	0	0	0	0	0	0	0	0	0	0	2026-01-23 03:16:51.258	2026-01-23 03:16:51.258	2026-01-23 03:16:00
82	112-100-0010	BATUBARA, MEDIUM CALORY	7305 - PL Plant Tuban IV	0	0	0	0	0	0	0	0	0	0	0	0	0	0	0	0	0	0	0	2026-01-23 03:16:51.258	2026-01-23 03:16:51.258	2026-01-23 03:16:00
83	112-100-0010	BATUBARA, MEDIUM CALORY	7403 - CP Tuban	0	0	0	0	0	0	0	0	0	0	0	0	0	0	0	0	0	0	0	2026-01-23 03:16:51.258	2026-01-23 03:16:51.258	2026-01-23 03:16:00
84	112-100-0010	BATUBARA, MEDIUM CALORY	7702 - Warehouse Tuban	0	1912.443	-1912.443	0	0	0	0	0	0	0	0	0	0	1912.443	-1912.443	0	0	0	0	2026-01-23 03:16:51.258	2026-01-23 03:16:51.258	2026-01-23 03:16:00
85	112-200001	SOLAR	7302 - PL Plant Tuban I	0	0	0	0	0	0	0	0	0	0	0	0	0	0	0	0	0	0	0	2026-01-23 03:16:51.258	2026-01-23 03:16:51.258	2026-01-23 03:16:00
86	112-200001	SOLAR	7303 - PL Plant Tuban II	0	0	0	0	0	0	0	0	0	0	0	0	0	0	0	0	0	0	0	2026-01-23 03:16:51.258	2026-01-23 03:16:51.258	2026-01-23 03:16:00
87	112-200001	SOLAR	7304 - PL Plant Tuban III	0	0	0	0	0	0	0	0	0	0	0	0	0	0	0	0	0	0	0	2026-01-23 03:16:51.258	2026-01-23 03:16:51.258	2026-01-23 03:16:00
88	112-200001	SOLAR	7305 - PL Plant Tuban IV	0	0	0	0	0	0	0	0	0	0	0	0	0	0	0	0	0	0	0	2026-01-23 03:16:51.258	2026-01-23 03:16:51.258	2026-01-23 03:16:00
89	112-200001	SOLAR	7403 - CP Tuban	0	0	0	0	0	0	0	0	0	0	0	0	0	0	0	0	0	0	0	2026-01-23 03:16:51.258	2026-01-23 03:16:51.258	2026-01-23 03:16:00
90	112-200001	SOLAR	7702 - Warehouse Tuban	1618.772	1709.376079	-90.60407899999996	3237.544	0	616000	-616000	0	84.67399999999998	614779	-614694.326	169.3479999999981	1534.098	1605.169079	-71.07107900000005	3068.196	0	0	0	2026-01-23 03:16:51.258	2026-01-23 03:16:51.258	2026-01-23 03:16:00
91	112-700-0020	FLY ASH	7302 - PL Plant Tuban I	0	0	0	0	0	0	0	0	0	0	0	0	0	0	0	0	0	0	0	2026-01-23 03:16:51.258	2026-01-23 03:16:51.258	2026-01-23 03:16:00
92	112-700-0020	FLY ASH	7303 - PL Plant Tuban II	0	0	0	0	0	0	0	0	0	0	0	0	0	0	0	0	0	0	0	2026-01-23 03:16:51.258	2026-01-23 03:16:51.258	2026-01-23 03:16:00
93	112-700-0020	FLY ASH	7304 - PL Plant Tuban III	0	0	0	0	0	0	0	0	0	0	0	0	0	0	0	0	0	0	0	2026-01-23 03:16:51.258	2026-01-23 03:16:51.258	2026-01-23 03:16:00
94	112-700-0020	FLY ASH	7305 - PL Plant Tuban IV	0	0	0	0	0	0	0	0	0	0	0	0	0	0	0	0	0	0	0	2026-01-23 03:16:51.258	2026-01-23 03:16:51.258	2026-01-23 03:16:00
95	112-700-0020	FLY ASH	7403 - CP Tuban	0	0	0	0	0	0	0	0	0	0	0	0	0	0	0	0	0	0	0	2026-01-23 03:16:51.258	2026-01-23 03:16:51.258	2026-01-23 03:16:00
96	112-700-0020	FLY ASH	7702 - Warehouse Tuban	0	751.997	-751.997	0	6971.24	6971.240000000001	0	13942.48	6971.24	6971.401999999998	-0.1619999999984429	13942.48	0	0.001	-0.001	0	0	0	0	2026-01-23 03:16:51.258	2026-01-23 03:16:51.258	2026-01-23 03:16:00
97	121-100-0010	RAW MEAL OPC	7302 - PL Plant Tuban I	7360	30390.358	-23030.358	14720	0	0	0	0	0	0	0	0	7360	30390.358	-23030.358	14720	0	0	0	2026-01-23 03:16:51.258	2026-01-23 03:16:51.258	2026-01-23 03:16:00
98	121-100-0010	RAW MEAL OPC	7303 - PL Plant Tuban II	36090	15182	20908	72180	280597.07	280597.0699999999	0	561194.1399999999	294331.07	294331.07	0	588662.14	22328	1448	20880	44656	0	0	0	2026-01-23 03:16:51.258	2026-01-23 03:16:51.258	2026-01-23 03:16:00
99	121-100-0010	RAW MEAL OPC	7304 - PL Plant Tuban III	30036	21122.302	8913.698	60072	361429.8	361429.8000000001	0	722859.6000000001	364103.8	364103.799	0.0009999999892897904	728207.5999999999	27362	18448.303	8913.697	54724	0	0	0	2026-01-23 03:16:51.258	2026-01-23 03:16:51.258	2026-01-23 03:16:00
100	121-100-0010	RAW MEAL OPC	7305 - PL Plant Tuban IV	30962	17959.24	13002.76	61924	89527.55	89527.55000000002	0	179055.1	103887.55	103887.546	0.004000000000814907	207775.1	16574	3599.244	12974.756	33148	0	0	0	2026-01-23 03:16:51.258	2026-01-23 03:16:51.258	2026-01-23 03:16:00
101	121-100-0010	RAW MEAL OPC	7403 - CP Tuban	0	0	0	0	0	0	0	0	0	0	0	0	0	0	0	0	0	0	0	2026-01-23 03:16:51.258	2026-01-23 03:16:51.258	2026-01-23 03:16:00
102	121-100-0010	RAW MEAL OPC	7702 - Warehouse Tuban	0	0	0	0	0	0	0	0	0	0	0	0	0	0	0	0	0	0	0	2026-01-23 03:16:51.258	2026-01-23 03:16:51.258	2026-01-23 03:16:00
103	121-200-0010	KLINKER OPC	7302 - PL Plant Tuban I	105685.25	69542.169	36143.08100000001	211370.5	0	0	0	0	107690.5025252971	107690.5	0.002525297066313215	215381.0050505942	113485.83	116851.669	-3365.838999999993	226971.66	0	0	0	2026-01-23 03:16:51.258	2026-01-23 03:16:51.258	2026-01-23 03:16:00
104	121-200-0010	KLINKER OPC	7303 - PL Plant Tuban II	63164.2	93109.288	-29945.088	126328.4	190670.31	190670.31	0	381340.62	71998.07936187345	71998.083	-0.003638126552687027	143996.1587237469	67886.75	71234.655	-3347.904999999999	135773.5	0	0	0	2026-01-23 03:16:51.258	2026-01-23 03:16:51.258	2026-01-23 03:16:00
105	121-200-0010	KLINKER OPC	7304 - PL Plant Tuban III	59622.28	116791.364	-57169.084	119244.56	236172.6	236172.5999999999	0	472345.2	84189.75	84189.75200000001	-0.002000000007683411	168379.5	67886.75	71378.562	-3491.812000000005	135773.5	0	0	0	2026-01-23 03:16:51.258	2026-01-23 03:16:51.258	2026-01-23 03:16:00
106	121-200-0010	KLINKER OPC	7305 - PL Plant Tuban IV	68376	28379.905	39996.095	136752	67552	67552.00000000001	0	135104	124305.3968166467	124305.4029999999	-0.006183353209053166	248610.7936332935	74481	75713.112	-1232.111999999994	148962	0	0	0	2026-01-23 03:16:51.258	2026-01-23 03:16:51.258	2026-01-23 03:16:00
107	121-200-0010	KLINKER OPC	7403 - CP Tuban	0	0	0	0	0	0	0	0	0	0	0	0	0	0	0	0	0	0	0	2026-01-23 03:16:51.258	2026-01-23 03:16:51.258	2026-01-23 03:16:00
108	121-200-0010	KLINKER OPC	7702 - Warehouse Tuban	0	0	0	0	0	0	0	0	0	0	0	0	0	0	0	0	0	0	0	2026-01-23 03:16:51.258	2026-01-23 03:16:51.258	2026-01-23 03:16:00
109	121-302-0010	UltraPro Curah	7302 - PL Plant Tuban I	15559.14	0	15559.14	31118.28	32483.4	32483.4	0	64966.8	36810.18	0	36810.18	73620.36	11232.36	0	11232.36	22464.72	0	0	0	2026-01-23 03:16:51.258	2026-01-23 03:16:51.258	2026-01-23 03:16:00
110	121-302-0010	UltraPro Curah	7303 - PL Plant Tuban II	0	0	0	0	0	0	0	0	0	0	0	0	0	0	0	0	0	0	0	2026-01-23 03:16:51.258	2026-01-23 03:16:51.258	2026-01-23 03:16:00
111	121-302-0010	UltraPro Curah	7304 - PL Plant Tuban III	12938.88	0	12938.88	25877.76	44385.74	44385.74000000001	0	88771.48000000001	49509.42	0	49509.42	99018.84	7815.2	0	7815.2	15630.4	0	0	0	2026-01-23 03:16:51.258	2026-01-23 03:16:51.258	2026-01-23 03:16:00
112	121-302-0010	UltraPro Curah	7305 - PL Plant Tuban IV	0	0	0	0	0	0	0	0	0	0	0	0	0	0	0	0	0	0	0	2026-01-23 03:16:51.258	2026-01-23 03:16:51.258	2026-01-23 03:16:00
113	121-302-0010	UltraPro Curah	7403 - CP Tuban	0	31857.185	-31857.185	0	0	0	0	0	0	0	0	0	0	20743.345	-20743.345	0	0	0	0	2026-01-23 03:16:51.258	2026-01-23 03:16:51.258	2026-01-23 03:16:00
114	121-302-0010	UltraPro Curah	7702 - Warehouse Tuban	0	0	0	0	0	0	0	0	0	0	0	0	0	0	0	0	0	0	0	2026-01-23 03:16:51.258	2026-01-23 03:16:51.258	2026-01-23 03:16:00
115	121-302-0040	EzPro Curah	7302 - PL Plant Tuban I	26005.07	0	26005.07	52010.14	111633	111633	0	223266	91940.98	0	91940.98	183881.96	15913.79	0	15913.79	31827.58	0	0	0	2026-01-23 03:16:51.258	2026-01-23 03:16:51.258	2026-01-23 03:16:00
116	121-302-0040	EzPro Curah	7303 - PL Plant Tuban II	36784.01	0	36784.01	73568.02	74284.90000000001	74284.9	0	148569.8	93997.5	0	93997.5	187995	42555.7	0	42555.7	85111.4	0	0	0	2026-01-23 03:16:51.258	2026-01-23 03:16:51.258	2026-01-23 03:16:00
117	121-302-0040	EzPro Curah	7304 - PL Plant Tuban III	14837.34	0	14837.34	29674.68	52803.09	52803.09000000001	0	105606.18	28364.99999999999	0	28364.99999999999	56729.99999999999	24262.10000000001	0	24262.10000000001	48524.20000000001	0	0	0	2026-01-23 03:16:51.258	2026-01-23 03:16:51.258	2026-01-23 03:16:00
118	121-302-0040	EzPro Curah	7305 - PL Plant Tuban IV	25644.19	0	25644.19	51288.37999999999	209803.09	209803.09	0	419606.1800000001	214808.7	0	214808.7	429617.4	39348.32	0	39348.32	78696.64	0	0	0	2026-01-23 03:16:51.258	2026-01-23 03:16:51.258	2026-01-23 03:16:00
119	121-302-0040	EzPro Curah	7403 - CP Tuban	0	116464.508	-116464.508	0	0	0	0	0	0	0	0	0	0	139984.714	-139984.714	0	0	0	0	2026-01-23 03:16:51.258	2026-01-23 03:16:51.258	2026-01-23 03:16:00
120	121-302-0040	EzPro Curah	7702 - Warehouse Tuban	0	0	0	0	0	0	0	0	0	0	0	0	0	0	0	0	0	0	0	2026-01-23 03:16:51.258	2026-01-23 03:16:51.258	2026-01-23 03:16:00
121	121-302-0090	SprintPro Curah	7302 - PL Plant Tuban I	5657.5	0	5657.5	11315	16616.34	16616.34	0	33232.68	17786.74	0	17786.74	35573.48	4487.1	0	4487.1	8974.2	0	0	0	2026-01-23 03:16:51.258	2026-01-23 03:16:51.258	2026-01-23 03:16:00
122	121-302-0090	SprintPro Curah	7303 - PL Plant Tuban II	0	0	0	0	0	0	0	0	0	0	0	0	0	0	0	0	0	0	0	2026-01-23 03:16:51.258	2026-01-23 03:16:51.258	2026-01-23 03:16:00
123	121-302-0090	SprintPro Curah	7304 - PL Plant Tuban III	0	0	0	0	0	0	0	0	0	0	0	0	0	0	0	0	0	0	0	2026-01-23 03:16:51.258	2026-01-23 03:16:51.258	2026-01-23 03:16:00
124	121-302-0090	SprintPro Curah	7305 - PL Plant Tuban IV	0	0	0	0	0	0	0	0	0	0	0	0	0	0	0	0	0	0	0	2026-01-23 03:16:51.258	2026-01-23 03:16:51.258	2026-01-23 03:16:00
125	121-302-0090	SprintPro Curah	7403 - CP Tuban	0	7195.21	-7195.21	0	0	0	0	0	0	0	0	0	0	4701.1	-4701.1	0	0	0	0	2026-01-23 03:16:51.258	2026-01-23 03:16:51.258	2026-01-23 03:16:00
126	121-302-0090	SprintPro Curah	7702 - Warehouse Tuban	0	0	0	0	0	0	0	0	0	0	0	0	0	0	0	0	0	0	0	2026-01-23 03:16:51.258	2026-01-23 03:16:51.258	2026-01-23 03:16:00
127	121-302-0162	PwrPro Curah	7302 - PL Plant Tuban I	0	0	0	0	0	0	0	0	0	0	0	0	0	0	0	0	0	0	0	2026-01-23 03:16:51.258	2026-01-23 03:16:51.258	2026-01-23 03:16:00
128	121-302-0162	PwrPro Curah	7303 - PL Plant Tuban II	15343.67	0	15343.67	30687.34	38401.47	38401.47	0	76802.94	43176.7	0	43176.7	86353.4	10568.44	0	10568.44	21136.88	0	0	0	2026-01-23 03:16:51.258	2026-01-23 03:16:51.258	2026-01-23 03:16:00
129	121-302-0162	PwrPro Curah	7304 - PL Plant Tuban III	15343.67	0	15343.67	30687.34	16883.09	16883.094	-0.004000000000814907	33766.18	21233.62	0	21233.62	42467.24000000001	10993.14	0	10993.14	21986.28	0	0	0	2026-01-23 03:16:51.258	2026-01-23 03:16:51.258	2026-01-23 03:16:00
130	121-302-0162	PwrPro Curah	7305 - PL Plant Tuban IV	0	0	0	0	0	0	0	0	0	0	0	0	0	0	0	0	0	0	0	2026-01-23 03:16:51.258	2026-01-23 03:16:51.258	2026-01-23 03:16:00
131	121-302-0162	PwrPro Curah	7403 - CP Tuban	0	32266.253	-32266.253	0	0	0	0	0	0	0	0	0	0	29553.266	-29553.266	0	0	0	0	2026-01-23 03:16:51.258	2026-01-23 03:16:51.258	2026-01-23 03:16:00
132	121-302-0162	PwrPro Curah	7702 - Warehouse Tuban	0	0	0	0	0	0	0	0	0	0	0	0	0	0	0	0	0	0	0	2026-01-23 03:16:51.258	2026-01-23 03:16:51.258	2026-01-23 03:16:00
133	121-302-0163	DYNAMIX MASONRY CURAH	7302 - PL Plant Tuban I	0	0	0	0	0	0	0	0	0	0	0	0	0	0	0	0	0	0	0	2026-01-23 03:16:51.258	2026-01-23 03:16:51.258	2026-01-23 03:16:00
134	121-302-0163	DYNAMIX MASONRY CURAH	7303 - PL Plant Tuban II	0	0	0	0	0	0	0	0	0	0	0	0	0	0	0	0	0	0	0	2026-01-23 03:16:51.258	2026-01-23 03:16:51.258	2026-01-23 03:16:00
135	121-302-0163	DYNAMIX MASONRY CURAH	7304 - PL Plant Tuban III	0	0	0	0	0	0	0	0	0	0	0	0	0	0	0	0	0	0	0	2026-01-23 03:16:51.258	2026-01-23 03:16:51.258	2026-01-23 03:16:00
136	121-302-0163	DYNAMIX MASONRY CURAH	7305 - PL Plant Tuban IV	7984.65	0	7984.65	15969.3	3853.48	3853.48	0	7706.960000000001	10808	0	10808	21616	1030.13	0	1030.13	2060.26	0	0	0	2026-01-23 03:16:51.258	2026-01-23 03:16:51.258	2026-01-23 03:16:00
137	121-302-0163	DYNAMIX MASONRY CURAH	7403 - CP Tuban	0	8231	-8231	0	0	0	0	0	0	0	0	0	0	1276.48	-1276.48	0	0	0	0	2026-01-23 03:16:51.258	2026-01-23 03:16:51.258	2026-01-23 03:16:00
138	121-302-0163	DYNAMIX MASONRY CURAH	7702 - Warehouse Tuban	0	0	0	0	0	0	0	0	0	0	0	0	0	0	0	0	0	0	0	2026-01-23 03:16:51.258	2026-01-23 03:16:51.258	2026-01-23 03:16:00
139	121-302-0163	DYNAMIX MASONRY CURAH	7302 - PL Plant Tuban I	0	0	0	0	0	0	0	0	0	0	0	0	0	0	0	0	0	0	0	2026-01-23 03:16:51.258	2026-01-23 03:16:51.258	2026-01-23 03:16:00
140	121-302-0163	DYNAMIX MASONRY CURAH	7303 - PL Plant Tuban II	0	0	0	0	0	0	0	0	0	0	0	0	0	0	0	0	0	0	0	2026-01-23 03:16:51.258	2026-01-23 03:16:51.258	2026-01-23 03:16:00
141	121-302-0163	DYNAMIX MASONRY CURAH	7304 - PL Plant Tuban III	0	0	0	0	0	0	0	0	0	0	0	0	0	0	0	0	0	0	0	2026-01-23 03:16:51.258	2026-01-23 03:16:51.258	2026-01-23 03:16:00
142	121-302-0163	DYNAMIX MASONRY CURAH	7305 - PL Plant Tuban IV	0	0	0	0	0	0	0	0	0	0	0	0	0	0	0	0	0	0	0	2026-01-23 03:16:51.258	2026-01-23 03:16:51.258	2026-01-23 03:16:00
143	121-302-0163	DYNAMIX MASONRY CURAH	7403 - CP Tuban	0	0	0	0	0	0	0	0	0	0	0	0	0	0	0	0	0	0	0	2026-01-23 03:16:51.258	2026-01-23 03:16:51.258	2026-01-23 03:16:00
144	121-302-0163	DYNAMIX MASONRY CURAH	7702 - Warehouse Tuban	0	0	0	0	0	0	0	0	0	0	0	0	0	0	0	0	0	0	0	2026-01-23 03:16:51.258	2026-01-23 03:16:51.258	2026-01-23 03:16:00
\.


--
-- Data for Name: users; Type: TABLE DATA; Schema: public; Owner: postgres
--

COPY public.users (id, username, password, name, role, "createdAt", "updatedAt") FROM stdin;
\.


--
-- Name: accrual_periodes_id_seq; Type: SEQUENCE SET; Schema: public; Owner: postgres
--

SELECT pg_catalog.setval('public.accrual_periodes_id_seq', 158, true);


--
-- Name: accrual_realisasis_id_seq; Type: SEQUENCE SET; Schema: public; Owner: postgres
--

SELECT pg_catalog.setval('public.accrual_realisasis_id_seq', 14, true);


--
-- Name: accruals_id_seq; Type: SEQUENCE SET; Schema: public; Owner: postgres
--

SELECT pg_catalog.setval('public.accruals_id_seq', 5, true);


--
-- Name: material_data_id_seq; Type: SEQUENCE SET; Schema: public; Owner: postgres
--

SELECT pg_catalog.setval('public.material_data_id_seq', 144, true);


--
-- Name: users_id_seq; Type: SEQUENCE SET; Schema: public; Owner: postgres
--

SELECT pg_catalog.setval('public.users_id_seq', 1, false);


--
-- Name: _prisma_migrations _prisma_migrations_pkey; Type: CONSTRAINT; Schema: public; Owner: postgres
--

ALTER TABLE ONLY public._prisma_migrations
    ADD CONSTRAINT _prisma_migrations_pkey PRIMARY KEY (id);


--
-- Name: accrual_periodes accrual_periodes_pkey; Type: CONSTRAINT; Schema: public; Owner: postgres
--

ALTER TABLE ONLY public.accrual_periodes
    ADD CONSTRAINT accrual_periodes_pkey PRIMARY KEY (id);


--
-- Name: accrual_realisasis accrual_realisasis_pkey; Type: CONSTRAINT; Schema: public; Owner: postgres
--

ALTER TABLE ONLY public.accrual_realisasis
    ADD CONSTRAINT accrual_realisasis_pkey PRIMARY KEY (id);


--
-- Name: accruals accruals_pkey; Type: CONSTRAINT; Schema: public; Owner: postgres
--

ALTER TABLE ONLY public.accruals
    ADD CONSTRAINT accruals_pkey PRIMARY KEY (id);


--
-- Name: material_data material_data_pkey; Type: CONSTRAINT; Schema: public; Owner: postgres
--

ALTER TABLE ONLY public.material_data
    ADD CONSTRAINT material_data_pkey PRIMARY KEY (id);


--
-- Name: users users_pkey; Type: CONSTRAINT; Schema: public; Owner: postgres
--

ALTER TABLE ONLY public.users
    ADD CONSTRAINT users_pkey PRIMARY KEY (id);


--
-- Name: accrual_periodes_accrualId_idx; Type: INDEX; Schema: public; Owner: postgres
--

CREATE INDEX "accrual_periodes_accrualId_idx" ON public.accrual_periodes USING btree ("accrualId");


--
-- Name: accrual_periodes_bulan_tahun_idx; Type: INDEX; Schema: public; Owner: postgres
--

CREATE INDEX accrual_periodes_bulan_tahun_idx ON public.accrual_periodes USING btree (bulan, tahun);


--
-- Name: accrual_realisasis_accrualPeriodeId_idx; Type: INDEX; Schema: public; Owner: postgres
--

CREATE INDEX "accrual_realisasis_accrualPeriodeId_idx" ON public.accrual_realisasis USING btree ("accrualPeriodeId");


--
-- Name: accrual_realisasis_tanggalRealisasi_idx; Type: INDEX; Schema: public; Owner: postgres
--

CREATE INDEX "accrual_realisasis_tanggalRealisasi_idx" ON public.accrual_realisasis USING btree ("tanggalRealisasi");


--
-- Name: accruals_kdAkr_idx; Type: INDEX; Schema: public; Owner: postgres
--

CREATE INDEX "accruals_kdAkr_idx" ON public.accruals USING btree ("kdAkr");


--
-- Name: accruals_startDate_idx; Type: INDEX; Schema: public; Owner: postgres
--

CREATE INDEX "accruals_startDate_idx" ON public.accruals USING btree ("startDate");


--
-- Name: material_data_importDate_idx; Type: INDEX; Schema: public; Owner: postgres
--

CREATE INDEX "material_data_importDate_idx" ON public.material_data USING btree ("importDate");


--
-- Name: material_data_location_idx; Type: INDEX; Schema: public; Owner: postgres
--

CREATE INDEX material_data_location_idx ON public.material_data USING btree (location);


--
-- Name: material_data_materialId_idx; Type: INDEX; Schema: public; Owner: postgres
--

CREATE INDEX "material_data_materialId_idx" ON public.material_data USING btree ("materialId");


--
-- Name: users_username_key; Type: INDEX; Schema: public; Owner: postgres
--

CREATE UNIQUE INDEX users_username_key ON public.users USING btree (username);


--
-- Name: accrual_periodes accrual_periodes_accrualId_fkey; Type: FK CONSTRAINT; Schema: public; Owner: postgres
--

ALTER TABLE ONLY public.accrual_periodes
    ADD CONSTRAINT "accrual_periodes_accrualId_fkey" FOREIGN KEY ("accrualId") REFERENCES public.accruals(id) ON UPDATE CASCADE ON DELETE CASCADE;


--
-- Name: accrual_realisasis accrual_realisasis_accrualPeriodeId_fkey; Type: FK CONSTRAINT; Schema: public; Owner: postgres
--

ALTER TABLE ONLY public.accrual_realisasis
    ADD CONSTRAINT "accrual_realisasis_accrualPeriodeId_fkey" FOREIGN KEY ("accrualPeriodeId") REFERENCES public.accrual_periodes(id) ON UPDATE CASCADE ON DELETE CASCADE;


--
-- Name: SCHEMA public; Type: ACL; Schema: -; Owner: postgres
--

REVOKE USAGE ON SCHEMA public FROM PUBLIC;


--
-- PostgreSQL database dump complete
--

\unrestrict ZOiDitg2p688TctcuPQNWFr8yg3TBdtR8JnlYXhJP3NJe1fpXdDdiIQrai9MGlw

